codigo;nome_atualizado;ano;dt_vencimento;arquivo
LFT 210104;Tesouro Selic 2004;2004;2004/01/21;LFT_2002.xls
LFT 160205;Tesouro Selic 2005;2005;2005/02/16;LFT_2002.xls
LFT 180106;Tesouro Selic 2006;2006;2006/01/18;LFT_2006.xls
LFT 170107;Tesouro Selic 2007;2007;2007/01/17;LFT_2006.xls
LFT 180608;Tesouro Selic 2008;2008;2008/06/18;LFT_2006.xls
LFT 160205;Tesouro Selic 2005;2005;2005/02/16;LFT_2005.xls
LFT 180106;Tesouro Selic 2006;2006;2006/01/18;LFT_2005.xls
LFT 210104;Tesouro Selic 2004;2004;2004/01/21;LFT_2004.xls
LFT 160205;Tesouro Selic 2005;2005;2005/02/16;LFT_2004.xls
LFT 210104;Tesouro Selic 2004;2004;2004/01/21;LFT_2003.xls
LFT 160205;Tesouro Selic 2005;2005;2005/02/16;LFT_2003.xls
LFT 180106;Tesouro Selic 2006;2006;2006/01/18;LFT_2002.xls
LFT 170107;Tesouro Selic 2007;2007;2007/01/17;LFT_2002.xls
LFT 180608;Tesouro Selic 2008;2008;2008/06/18;LFT_2006.xls
LFT 180309;Tesouro Selic 2009;2009;2009/03/18;LFT_2006.xls
LFT 170310;Tesouro Selic 2010;2010;2010/03/17;LFT_2006.xls
LFT 180106;Tesouro Selic 2006;2006;2006/01/18;LFT_2005.xls
LFT 170107;Tesouro Selic 2007;2007;2007/01/17;LFT_2005.xls
LFT 180608;Tesouro Selic 2008;2008;2008/06/18;LFT_2005.xls
LFT 160205;Tesouro Selic 2005;2005;2005/02/16;LFT_2004.xls
LFT 180106;Tesouro Selic 2006;2006;2006/01/18;LFT_2004.xls
LFT 170107;Tesouro Selic 2007;2007;2007/01/17;LFT_2004.xls
LFT 160205;Tesouro Selic 2005;2005;2005/02/16;LFT_2003.xls
LFT 180106;Tesouro Selic 2006;2006;2006/01/18;LFT_2003.xls
LFT 170107;Tesouro Selic 2007;2007;2007/01/17;LFT_2003.xls
LTN 070104;Tesouro Prefixado 2004;2004;2004/01/07;LTN_2002.xls
NTN-C 010705;Tesouro IGPM+ com Juros Semestrais 2005;2005;2005/07/01;NTN-C_2002.xls
LFT 170310;Tesouro Selic 2010;2010;2010/03/17;LFT_2006.xls
LFT 160311;Tesouro Selic 2011;2011;2011/03/16;LFT_2006.xls
LFT 070312;Tesouro Selic 2012;2012;2012/03/07;LFT_2006.xls
LFT 180608;Tesouro Selic 2008;2008;2008/06/18;LFT_2005.xls
LFT 180309;Tesouro Selic 2009;2009;2009/03/18;LFT_2005.xls
LFT 170310;Tesouro Selic 2010;2010;2010/03/17;LFT_2005.xls
LFT 170107;Tesouro Selic 2007;2007;2007/01/17;LFT_2004.xls
LFT 180608;Tesouro Selic 2008;2008;2008/06/18;LFT_2004.xls
LFT 180309;Tesouro Selic 2009;2009;2009/03/18;LFT_2004.xls
LFT 170107;Tesouro Selic 2007;2007;2007/01/17;LFT_2003.xls
LFT 180608;Tesouro Selic 2008;2008;2008/06/18;LFT_2003.xls
LTN 011003;Tesouro Prefixado 2003;2003;2003/10/01;LTN_2003.xls
NTN-C 010705;Tesouro IGPM+ com Juros Semestrais 2005;2005;2005/07/01;NTN-C_2002.xls
NTN-C 011205;Tesouro IGPM+ com Juros Semestrais 2005;2005;2005/12/01;NTN-C_2002.xls
NTN-C 011206;Tesouro IGPM+ com Juros Semestrais 2006;2006;2006/12/01;NTN-C_2002.xls
LFT 070312;Tesouro Selic 2012;2012;2012/03/07;LFT_2006.xls
LTN 010406;Tesouro Prefixado 2006;2006;2006/04/01;LTN_2006.xls
LTN 010706;Tesouro Prefixado 2006;2006;2006/07/01;LTN_2006.xls
LFT 170310;Tesouro Selic 2010;2010;2010/03/17;LFT_2005.xls
LTN 040105;Tesouro Prefixado 2005;2005;2005/01/04;LTN_2005.xls
LTN 010405;Tesouro Prefixado 2005;2005;2005/04/01;LTN_2005.xls
LFT 180309;Tesouro Selic 2009;2009;2009/03/18;LFT_2004.xls
LTN 070104;Tesouro Prefixado 2004;2004;2004/01/07;LTN_2004.xls
LTN 010404;Tesouro Prefixado 2004;2004;2004/04/01;LTN_2004.xls
LTN 011003;Tesouro Prefixado 2003;2003;2003/10/01;LTN_2003.xls
LTN 070104;Tesouro Prefixado 2004;2004;2004/01/07;LTN_2003.xls
LTN 010404;Tesouro Prefixado 2004;2004;2004/04/01;LTN_2003.xls
NTN-C 011206;Tesouro IGPM+ com Juros Semestrais 2006;2006;2006/12/01;NTN-C_2002.xls
NTN-C 010408;Tesouro IGPM+ com Juros Semestrais 2008;2008;2008/04/01;NTN-C_2002.xls
NTN-C 010311;Tesouro IGPM+ com Juros Semestrais 2011;2011;2011/03/01;NTN-C_2002.xls
LTN 010706;Tesouro Prefixado 2006;2006;2006/07/01;LTN_2006.xls
LTN 011006;Tesouro Prefixado 2006;2006;2006/10/01;LTN_2006.xls
LTN 010107;Tesouro Prefixado 2007;2007;2007/01/01;LTN_2006.xls
LTN 010405;Tesouro Prefixado 2005;2005;2005/04/01;LTN_2005.xls
LTN 010705;Tesouro Prefixado 2005;2005;2005/07/01;LTN_2005.xls
LTN 011005;Tesouro Prefixado 2005;2005;2005/10/01;LTN_2005.xls
LTN 010404;Tesouro Prefixado 2004;2004;2004/04/01;LTN_2004.xls
LTN 010704;Tesouro Prefixado 2004;2004;2004/07/01;LTN_2004.xls
LTN 011004;Tesouro Prefixado 2004;2004;2004/10/01;LTN_2004.xls
LTN 010404;Tesouro Prefixado 2004;2004;2004/04/01;LTN_2003.xls
LTN 010704;Tesouro Prefixado 2004;2004;2004/07/01;LTN_2003.xls
LTN 011004;Tesouro Prefixado 2004;2004;2004/10/01;LTN_2003.xls
NTN-C 010311;Tesouro IGPM+ com Juros Semestrais 2011;2011;2011/03/01;NTN-C_2002.xls
NTN-C 010717;Tesouro IGPM+ com Juros Semestrais 2017;2017;2017/07/01;NTN-C_2002.xls
NTN-C 010421;Tesouro IGPM+ com Juros Semestrais 2021;2021;2021/04/01;NTN-C_2002.xls
LTN 010107;Tesouro Prefixado 2007;2007;2007/01/01;LTN_2006.xls
LTN 010407;Tesouro Prefixado 2007;2007;2007/04/01;LTN_2006.xls
LTN 010707;Tesouro Prefixado 2007;2007;2007/07/01;LTN_2006.xls
LTN 011005;Tesouro Prefixado 2005;2005;2005/10/01;LTN_2005.xls
LTN 010106;Tesouro Prefixado 2006;2006;2006/01/01;LTN_2005.xls
LTN 010406;Tesouro Prefixado 2006;2006;2006/04/01;LTN_2005.xls
LTN 011004;Tesouro Prefixado 2004;2004;2004/10/01;LTN_2004.xls
LTN 040105;Tesouro Prefixado 2005;2005;2005/01/04;LTN_2004.xls
LTN 010405;Tesouro Prefixado 2005;2005;2005/04/01;LTN_2004.xls
LTN 011004;Tesouro Prefixado 2004;2004;2004/10/01;LTN_2003.xls
LTN 040105;Tesouro Prefixado 2005;2005;2005/01/04;LTN_2003.xls
LTN 010705;Tesouro Prefixado 2005;2005;2005/07/01;LTN_2003.xls
NTN-C 010421;Tesouro IGPM+ com Juros Semestrais 2021;2021;2021/04/01;NTN-C_2002.xls
NTN-C 010131;Tesouro IGPM+ com Juros Semestrais 2031;2031;2031/01/01;NTN-C_2002.xls
LTN 010707;Tesouro Prefixado 2007;2007;2007/07/01;LTN_2006.xls
LTN 011007;Tesouro Prefixado 2007;2007;2007/10/01;LTN_2006.xls
LTN 010108;Tesouro Prefixado 2008;2008;2008/01/01;LTN_2006.xls
LTN 010406;Tesouro Prefixado 2006;2006;2006/04/01;LTN_2005.xls
LTN 010706;Tesouro Prefixado 2006;2006;2006/07/01;LTN_2005.xls
LTN 011006;Tesouro Prefixado 2006;2006;2006/10/01;LTN_2005.xls
LTN 010405;Tesouro Prefixado 2005;2005;2005/04/01;LTN_2004.xls
LTN 010705;Tesouro Prefixado 2005;2005;2005/07/01;LTN_2004.xls
LTN 011005;Tesouro Prefixado 2005;2005;2005/10/01;LTN_2004.xls
LTN 010705;Tesouro Prefixado 2005;2005;2005/07/01;LTN_2003.xls
NTN-B 150806;Tesouro IPCA+ com Juros Semestrais 2006;2006;2006/08/15;NTN-B_2003.xls
NTN-B 150509;Tesouro IPCA+ com Juros Semestrais 2009;2009;2009/05/15;NTN-B_2003.xls
LTN 010108;Tesouro Prefixado 2008;2008;2008/01/01;LTN_2006.xls
LTN 010408;Tesouro Prefixado 2008;2008;2008/04/01;LTN_2006.xls
LTN 010708;Tesouro Prefixado 2008;2008;2008/07/01;LTN_2006.xls
LTN 011006;Tesouro Prefixado 2006;2006;2006/10/01;LTN_2005.xls
LTN 010107;Tesouro Prefixado 2007;2007;2007/01/01;LTN_2005.xls
LTN 010407;Tesouro Prefixado 2007;2007;2007/04/01;LTN_2005.xls
LTN 011005;Tesouro Prefixado 2005;2005;2005/10/01;LTN_2004.xls
LTN 010106;Tesouro Prefixado 2006;2006;2006/01/01;LTN_2004.xls
LTN 010706;Tesouro Prefixado 2006;2006;2006/07/01;LTN_2004.xls
NTN-B 150509;Tesouro IPCA+ com Juros Semestrais 2009;2009;2009/05/15;NTN-B_2003.xls
NTN-B 150515;Tesouro IPCA+ com Juros Semestrais 2015;2015;2015/05/15;NTN-B_2003.xls
NTN-B 150824;Tesouro IPCA+ com Juros Semestrais 2024;2024;2024/08/15;NTN-B_2003.xls
LTN 010708;Tesouro Prefixado 2008;2008;2008/07/01;LTN_2006.xls
LTN 010109;Tesouro Prefixado 2009;2009;2009/01/01;LTN_2006.xls
NTN-B 150806;Tesouro IPCA+ com Juros Semestrais 2006;2006;2006/08/15;NTN-B_2006.xls
LTN 010407;Tesouro Prefixado 2007;2007;2007/04/01;LTN_2005.xls
LTN 010707;Tesouro Prefixado 2007;2007;2007/07/01;LTN_2005.xls
LTN 010108;Tesouro Prefixado 2008;2008;2008/01/01;LTN_2005.xls
LTN 010706;Tesouro Prefixado 2006;2006;2006/07/01;LTN_2004.xls
NTN-B 150806;Tesouro IPCA+ com Juros Semestrais 2006;2006;2006/08/15;NTN-B_2004.xls
NTN-B 150509;Tesouro IPCA+ com Juros Semestrais 2009;2009;2009/05/15;NTN-B_2004.xls
NTN-B 150824;Tesouro IPCA+ com Juros Semestrais 2024;2024;2024/08/15;NTN-B_2003.xls
NTN-C 010705;Tesouro IGPM+ com Juros Semestrais 2005;2005;2005/07/01;NTN-C_2003.xls
NTN-C 011205;Tesouro IGPM+ com Juros Semestrais 2005;2005;2005/12/01;NTN-C_2003.xls
NTN-B 150806;Tesouro IPCA+ com Juros Semestrais 2006;2006;2006/08/15;NTN-B_2006.xls
NTN-B 150507;Tesouro IPCA+ com Juros Semestrais 2007;2007;2007/05/15;NTN-B_2006.xls
NTN-B 150808;Tesouro IPCA+ com Juros Semestrais 2008;2008;2008/08/15;NTN-B_2006.xls
LTN 010108;Tesouro Prefixado 2008;2008;2008/01/01;LTN_2005.xls
LTN 010708;Tesouro Prefixado 2008;2008;2008/07/01;LTN_2005.xls
NTN-B 150806;Tesouro IPCA+ com Juros Semestrais 2006;2006;2006/08/15;NTN-B_2005.xls
NTN-B 150509;Tesouro IPCA+ com Juros Semestrais 2009;2009;2009/05/15;NTN-B_2004.xls
NTN-B 150515;Tesouro IPCA+ com Juros Semestrais 2015;2015;2015/05/15;NTN-B_2004.xls
NTN-B 150824;Tesouro IPCA+ com Juros Semestrais 2024;2024;2024/08/15;NTN-B_2004.xls
NTN-C 011205;Tesouro IGPM+ com Juros Semestrais 2005;2005;2005/12/01;NTN-C_2003.xls
NTN-C 011206;Tesouro IGPM+ com Juros Semestrais 2006;2006;2006/12/01;NTN-C_2003.xls
NTN-C 010408;Tesouro IGPM+ com Juros Semestrais 2008;2008;2008/04/01;NTN-C_2003.xls
NTN-B 150808;Tesouro IPCA+ com Juros Semestrais 2008;2008;2008/08/15;NTN-B_2006.xls
NTN-B 150509;Tesouro IPCA+ com Juros Semestrais 2009;2009;2009/05/15;NTN-B_2006.xls
NTN-B 150810;Tesouro IPCA+ com Juros Semestrais 2010;2010;2010/08/15;NTN-B_2006.xls
NTN-B 150806;Tesouro IPCA+ com Juros Semestrais 2006;2006;2006/08/15;NTN-B_2005.xls
NTN-B 150507;Tesouro IPCA+ com Juros Semestrais 2007;2007;2007/05/15;NTN-B_2005.xls
NTN-B 150808;Tesouro IPCA+ com Juros Semestrais 2008;2008;2008/08/15;NTN-B_2005.xls
NTN-B 150824;Tesouro IPCA+ com Juros Semestrais 2024;2024;2024/08/15;NTN-B_2004.xls
NTN-B 150545;Tesouro IPCA+ com Juros Semestrais 2045;2045;2045/05/15;NTN-B_2004.xls
NTN-C 010705;Tesouro IGPM+ com Juros Semestrais 2005;2005;2005/07/01;NTN-C_2004.xls
NTN-C 010408;Tesouro IGPM+ com Juros Semestrais 2008;2008;2008/04/01;NTN-C_2003.xls
NTN-C 010311;Tesouro IGPM+ com Juros Semestrais 2011;2011;2011/03/01;NTN-C_2003.xls
NTN-C 010717;Tesouro IGPM+ com Juros Semestrais 2017;2017;2017/07/01;NTN-C_2003.xls
NTN-B 150810;Tesouro IPCA+ com Juros Semestrais 2010;2010;2010/08/15;NTN-B_2006.xls
NTN-B 150511;Tesouro IPCA+ com Juros Semestrais 2011;2011;2011/05/15;NTN-B_2006.xls
NTN-B 150515;Tesouro IPCA+ com Juros Semestrais 2015;2015;2015/05/15;NTN-B_2006.xls
NTN-B 150808;Tesouro IPCA+ com Juros Semestrais 2008;2008;2008/08/15;NTN-B_2005.xls
NTN-B 150509;Tesouro IPCA+ com Juros Semestrais 2009;2009;2009/05/15;NTN-B_2005.xls
NTN-B 150515;Tesouro IPCA+ com Juros Semestrais 2015;2015;2015/05/15;NTN-B_2005.xls
NTN-C 010705;Tesouro IGPM+ com Juros Semestrais 2005;2005;2005/07/01;NTN-C_2004.xls
NTN-C 011205;Tesouro IGPM+ com Juros Semestrais 2005;2005;2005/12/01;NTN-C_2004.xls
NTN-C 011206;Tesouro IGPM+ com Juros Semestrais 2006;2006;2006/12/01;NTN-C_2004.xls
NTN-C 010717;Tesouro IGPM+ com Juros Semestrais 2017;2017;2017/07/01;NTN-C_2003.xls
NTN-C 010421;Tesouro IGPM+ com Juros Semestrais 2021;2021;2021/04/01;NTN-C_2003.xls
NTN-C 010131;Tesouro IGPM+ com Juros Semestrais 2031;2031;2031/01/01;NTN-C_2003.xls
NTN-B 150515;Tesouro IPCA+ com Juros Semestrais 2015;2015;2015/05/15;NTN-B_2006.xls
NTN-B 150824;Tesouro IPCA+ com Juros Semestrais 2024;2024;2024/08/15;NTN-B_2006.xls
NTN-B 150535;Tesouro IPCA+ com Juros Semestrais 2035;2035;2035/05/15;NTN-B_2006.xls
NTN-B 150515;Tesouro IPCA+ com Juros Semestrais 2015;2015;2015/05/15;NTN-B_2005.xls
NTN-B 150824;Tesouro IPCA+ com Juros Semestrais 2024;2024;2024/08/15;NTN-B_2005.xls
NTN-B 150545;Tesouro IPCA+ com Juros Semestrais 2045;2045;2045/05/15;NTN-B_2005.xls
NTN-C 011206;Tesouro IGPM+ com Juros Semestrais 2006;2006;2006/12/01;NTN-C_2004.xls
NTN-C 010408;Tesouro IGPM+ com Juros Semestrais 2008;2008;2008/04/01;NTN-C_2004.xls
NTN-C 010311;Tesouro IGPM+ com Juros Semestrais 2011;2011;2011/03/01;NTN-C_2004.xls
NTN-C 010131;Tesouro IGPM+ com Juros Semestrais 2031;2031;2031/01/01;NTN-C_2003.xls
NTN-B 150535;Tesouro IPCA+ com Juros Semestrais 2035;2035;2035/05/15;NTN-B_2006.xls
NTN-B 150545;Tesouro IPCA+ com Juros Semestrais 2045;2045;2045/05/15;NTN-B_2006.xls
NTN-B Principal 150515;Tesouro IPCA+ 2015;2015;2015/05/15;NTN-B_Principal_2006.xls
NTN-B 150545;Tesouro IPCA+ com Juros Semestrais 2045;2045;2045/05/15;NTN-B_2005.xls
NTN-B Principal 150515;Tesouro IPCA+ 2015;2015;2015/05/15;NTN-B_Principal_2005.xls
NTN-B Principal 150824;Tesouro IPCA+ 2024;2024;2024/08/15;NTN-B_Principal_2005.xls
NTN-C 010311;Tesouro IGPM+ com Juros Semestrais 2011;2011;2011/03/01;NTN-C_2004.xls
NTN-C 010717;Tesouro IGPM+ com Juros Semestrais 2017;2017;2017/07/01;NTN-C_2004.xls
NTN-C 010421;Tesouro IGPM+ com Juros Semestrais 2021;2021;2021/04/01;NTN-C_2004.xls
NTN-B Principal 150515;Tesouro IPCA+ 2015;2015;2015/05/15;NTN-B_Principal_2006.xls
NTN-B Principal 150824;Tesouro IPCA+ 2024;2024;2024/08/15;NTN-B_Principal_2006.xls
NTN-C 011206;Tesouro IGPM+ com Juros Semestrais 2006;2006;2006/12/01;NTN-C_2006.xls
NTN-B Principal 150824;Tesouro IPCA+ 2024;2024;2024/08/15;NTN-B_Principal_2005.xls
NTN-C 010705;Tesouro IGPM+ com Juros Semestrais 2005;2005;2005/07/01;NTN-C_2005.xls
NTN-C 011205;Tesouro IGPM+ com Juros Semestrais 2005;2005;2005/12/01;NTN-C_2005.xls
NTN-C 010421;Tesouro IGPM+ com Juros Semestrais 2021;2021;2021/04/01;NTN-C_2004.xls
NTN-C 010131;Tesouro IGPM+ com Juros Semestrais 2031;2031;2031/01/01;NTN-C_2004.xls
NTN-F 010108;Tesouro Prefixado com Juros Semestrais 2008;2008;2008/01/01;NTN-F_2004.xls
NTN-C 011206;Tesouro IGPM+ com Juros Semestrais 2006;2006;2006/12/01;NTN-C_2006.xls
NTN-C 010408;Tesouro IGPM+ com Juros Semestrais 2008;2008;2008/04/01;NTN-C_2006.xls
NTN-C 010311;Tesouro IGPM+ com Juros Semestrais 2011;2011;2011/03/01;NTN-C_2006.xls
NTN-C 011205;Tesouro IGPM+ com Juros Semestrais 2005;2005;2005/12/01;NTN-C_2005.xls
NTN-C 011206;Tesouro IGPM+ com Juros Semestrais 2006;2006;2006/12/01;NTN-C_2005.xls
NTN-C 010408;Tesouro IGPM+ com Juros Semestrais 2008;2008;2008/04/01;NTN-C_2005.xls
NTN-F 010108;Tesouro Prefixado com Juros Semestrais 2008;2008;2008/01/01;NTN-F_2004.xls
NTN-C 010311;Tesouro IGPM+ com Juros Semestrais 2011;2011;2011/03/01;NTN-C_2006.xls
NTN-C 010717;Tesouro IGPM+ com Juros Semestrais 2017;2017;2017/07/01;NTN-C_2006.xls
NTN-C 010421;Tesouro IGPM+ com Juros Semestrais 2021;2021;2021/04/01;NTN-C_2006.xls
NTN-C 010408;Tesouro IGPM+ com Juros Semestrais 2008;2008;2008/04/01;NTN-C_2005.xls
NTN-C 010311;Tesouro IGPM+ com Juros Semestrais 2011;2011;2011/03/01;NTN-C_2005.xls
NTN-C 010717;Tesouro IGPM+ com Juros Semestrais 2017;2017;2017/07/01;NTN-C_2005.xls
NTN-C 010421;Tesouro IGPM+ com Juros Semestrais 2021;2021;2021/04/01;NTN-C_2006.xls
NTN-C 010131;Tesouro IGPM+ com Juros Semestrais 2031;2031;2031/01/01;NTN-C_2006.xls
NTN-F 010108;Tesouro Prefixado com Juros Semestrais 2008;2008;2008/01/01;NTN-F_2006.xls
NTN-C 010717;Tesouro IGPM+ com Juros Semestrais 2017;2017;2017/07/01;NTN-C_2005.xls
NTN-C 010421;Tesouro IGPM+ com Juros Semestrais 2021;2021;2021/04/01;NTN-C_2005.xls
NTN-C 010131;Tesouro IGPM+ com Juros Semestrais 2031;2031;2031/01/01;NTN-C_2005.xls
NTN-F 010108;Tesouro Prefixado com Juros Semestrais 2008;2008;2008/01/01;NTN-F_2006.xls
NTN-F 010110;Tesouro Prefixado com Juros Semestrais 2010;2010;2010/01/01;NTN-F_2006.xls
NTN-F 010112;Tesouro Prefixado com Juros Semestrais 2012;2012;2012/01/01;NTN-F_2006.xls
NTN-C 010131;Tesouro IGPM+ com Juros Semestrais 2031;2031;2031/01/01;NTN-C_2005.xls
NTN-F 010108;Tesouro Prefixado com Juros Semestrais 2008;2008;2008/01/01;NTN-F_2005.xls
NTN-F 010110;Tesouro Prefixado com Juros Semestrais 2010;2010;2010/01/01;NTN-F_2005.xls
NTN-F 010112;Tesouro Prefixado com Juros Semestrais 2012;2012;2012/01/01;NTN-F_2006.xls
NTN-F 010114;Tesouro Prefixado com Juros Semestrais 2014;2014;2014/01/01;NTN-F_2006.xls
NTN-F 010110;Tesouro Prefixado com Juros Semestrais 2010;2010;2010/01/01;NTN-F_2005.xls
